<?xml version="1.0" encoding="UTF-8"?>
<project xmlns="http://www.netbeans.org/ns/project/1">
    <type>com.microchip.mplab.nbide.embedded.makeproject</type>
    <configuration>
        <data xmlns="http://www.netbeans.org/ns/make-project/1">
            <name>Lab0_part8</name>
            <name>hsm_tutorial</name>
            <creation-uuid>14a426a3-29db-48e1-9e68-44f421f6fa39</creation-uuid>
            <make-project-type>0</make-project-type>
            <c-extensions>c</c-extensions>
            <cpp-extensions/>
            <header-extensions>h</header-extensions>
            <asminc-extensions/>
            <sourceEncoding>ISO-8859-1</sourceEncoding>
            <make-dep-projects/>
            <sourceRootList>
                <sourceRootElem>C:\ECE118</sourceRootElem>
                <sourceRootElem>C:\Users\jpark598\MPLABXProjects\labbasic.X</sourceRootElem>
                <sourceRootElem>C:\Users\jpark598\MPLABXProjects\hsm_tutorial.X</sourceRootElem>
                <sourceRootElem>C:\Users\jpark598\MPLABXProjects\Lab0_part8.X</sourceRootElem>
            </sourceRootList>
            <confList>
                <confElem>
                    <name>default</name>
                    <type>2</type>
                </confElem>
            </confList>
            <formatting>
                <project-formatting-style>false</project-formatting-style>
            </formatting>
        </data>
    </configuration>
</project>
